names,date,sentences
Harvey Weinstein,1/1/17,273
Harvey Weinstein,1/8/17,749
Harvey Weinstein,1/15/17,912
Harvey Weinstein,1/22/17,614
Harvey Weinstein,1/29/17,676
Harvey Weinstein,2/5/17,413
Harvey Weinstein,2/12/17,559
Harvey Weinstein,2/19/17,477
Harvey Weinstein,2/26/17,738
Harvey Weinstein,3/5/17,581
Harvey Weinstein,3/12/17,525
Harvey Weinstein,3/19/17,521
Harvey Weinstein,3/26/17,879
Harvey Weinstein,4/2/17,571
Harvey Weinstein,4/9/17,442
Harvey Weinstein,4/16/17,622
Harvey Weinstein,4/23/17,682
Harvey Weinstein,4/30/17,644
Harvey Weinstein,5/7/17,2079
Harvey Weinstein,5/14/17,626
Harvey Weinstein,5/21/17,630
Harvey Weinstein,5/28/17,705
Harvey Weinstein,6/4/17,348
Harvey Weinstein,6/11/17,862
Harvey Weinstein,6/18/17,227
Harvey Weinstein,6/25/17,312
Harvey Weinstein,7/2/17,443
Harvey Weinstein,7/9/17,409
Harvey Weinstein,7/16/17,488
Harvey Weinstein,7/23/17,428
Harvey Weinstein,7/30/17,567
Harvey Weinstein,8/6/17,518
Harvey Weinstein,8/13/17,447
Harvey Weinstein,8/20/17,6498
Harvey Weinstein,8/27/17,30395
Harvey Weinstein,9/3/17,13612
Harvey Weinstein,9/10/17,6063
Harvey Weinstein,9/17/17,3648
Harvey Weinstein,9/24/17,3000
Harvey Weinstein,10/1/17,6824
Harvey Weinstein,10/8/17,24142
Harvey Weinstein,10/15/17,13503
Harvey Weinstein,10/22/17,8934
Harvey Weinstein,10/29/17,5839
Harvey Weinstein,11/5/17,4664
Harvey Weinstein,11/12/17,3604
Harvey Weinstein,11/19/17,2700
Harvey Weinstein,11/26/17,961
Andy Signore,1/1/17,978
Andy Signore,1/8/17,1026
Andy Signore,1/15/17,1403
Andy Signore,1/22/17,1296
Andy Signore,1/29/17,1051
Andy Signore,2/5/17,961
Andy Signore,2/12/17,1216
Andy Signore,2/19/17,769
Andy Signore,2/26/17,1101
Andy Signore,3/5/17,882
Andy Signore,3/12/17,1200
Andy Signore,3/19/17,1241
Andy Signore,3/26/17,1369
Andy Signore,4/2/17,971
Andy Signore,4/9/17,926
Andy Signore,4/16/17,1053
Andy Signore,4/23/17,1356
Andy Signore,4/30/17,1375
Andy Signore,5/7/17,911
Andy Signore,5/14/17,1011
Andy Signore,5/21/17,1188
Andy Signore,5/28/17,1273
Andy Signore,6/4/17,1326
Andy Signore,6/11/17,1141
Andy Signore,6/18/17,1125
Andy Signore,6/25/17,1403
Andy Signore,7/2/17,1602
Andy Signore,7/9/17,1925
Andy Signore,7/16/17,986
Andy Signore,7/23/17,825
Andy Signore,7/30/17,935
Andy Signore,8/6/17,842
Andy Signore,8/13/17,727
Andy Signore,8/20/17,986
Andy Signore,8/27/17,1087
Andy Signore,9/3/17,1370
Andy Signore,9/10/17,1103
Andy Signore,9/17/17,916
Andy Signore,9/24/17,867
Andy Signore,10/1/17,921
Andy Signore,10/8/17,964
Andy Signore,10/15/17,970
Andy Signore,10/22/17,1006
Andy Signore,10/29/17,1080
Andy Signore,11/5/17,1172
Andy Signore,11/12/17,975
Andy Signore,11/19/17,914
Andy Signore,11/26/17,202
Roy Price,1/1/17,5155
Roy Price,1/8/17,5690
Roy Price,1/15/17,7187
Roy Price,1/22/17,5870
Roy Price,1/29/17,5825
Roy Price,2/5/17,6500
Roy Price,2/12/17,6095
Roy Price,2/19/17,6507
Roy Price,2/26/17,7262
Roy Price,3/5/17,6782
Roy Price,3/12/17,7414
Roy Price,3/19/17,6820
Roy Price,3/26/17,6828
Roy Price,4/2/17,6330
Roy Price,4/9/17,6097
Roy Price,4/16/17,6171
Roy Price,4/23/17,6495
Roy Price,4/30/17,6760
Roy Price,5/7/17,7182
Roy Price,5/14/17,6187
Roy Price,5/21/17,5809
Roy Price,5/28/17,5413
Roy Price,6/4/17,6481
Roy Price,6/11/17,6441
Roy Price,6/18/17,5697
Roy Price,6/25/17,5744
Roy Price,7/2/17,5176
Roy Price,7/9/17,5931
Roy Price,7/16/17,4950
Roy Price,7/23/17,5493
Roy Price,7/30/17,6362
Roy Price,8/6/17,5240
Roy Price,8/13/17,4730
Roy Price,8/20/17,4591
Roy Price,8/27/17,5841
Roy Price,9/3/17,5326
Roy Price,9/10/17,6255
Roy Price,9/17/17,6220
Roy Price,9/24/17,8830
Roy Price,10/1/17,5449
Roy Price,10/8/17,5678
Roy Price,10/15/17,5671
Roy Price,10/22/17,5142
Roy Price,10/29/17,4825
Roy Price,11/5/17,7125
Roy Price,11/12/17,11128
Roy Price,11/19/17,7172
Roy Price,11/26/17,2110
Chris Savino,1/1/17,2976
Chris Savino,1/8/17,3174
Chris Savino,1/15/17,2863
Chris Savino,1/22/17,3372
Chris Savino,1/29/17,3346
Chris Savino,2/5/17,3465
Chris Savino,2/12/17,3560
Chris Savino,2/19/17,4048
Chris Savino,2/26/17,3619
Chris Savino,3/5/17,3718
Chris Savino,3/12/17,4499
Chris Savino,3/19/17,4971
Chris Savino,3/26/17,4894
Chris Savino,4/2/17,4083
Chris Savino,4/9/17,4212
Chris Savino,4/16/17,3716
Chris Savino,4/23/17,4834
Chris Savino,4/30/17,4855
Chris Savino,5/7/17,4072
Chris Savino,5/14/17,4399
Chris Savino,5/21/17,3870
Chris Savino,5/28/17,3447
Chris Savino,6/4/17,3935
Chris Savino,6/11/17,3458
Chris Savino,6/18/17,3191
Chris Savino,6/25/17,4246
Chris Savino,7/2/17,4221
Chris Savino,7/9/17,4645
Chris Savino,7/16/17,4984
Chris Savino,7/23/17,4277
Chris Savino,7/30/17,3525
Chris Savino,8/6/17,3598
Chris Savino,8/13/17,3544
Chris Savino,8/20/17,3188
Chris Savino,8/27/17,3714
Chris Savino,9/3/17,3869
Chris Savino,9/10/17,3292
Chris Savino,9/17/17,3765
Chris Savino,9/24/17,3532
Chris Savino,10/1/17,3964
Chris Savino,10/8/17,3765
Chris Savino,10/15/17,3999
Chris Savino,10/22/17,3725
Chris Savino,10/29/17,3532
Chris Savino,11/5/17,3672
Chris Savino,11/12/17,3265
Chris Savino,11/19/17,2988
Chris Savino,11/26/17,731
Robert Scoble,1/1/17,2198
Robert Scoble,1/8/17,2670
Robert Scoble,1/15/17,2717
Robert Scoble,1/22/17,2654
Robert Scoble,1/29/17,2882
Robert Scoble,2/5/17,3181
Robert Scoble,2/12/17,3522
Robert Scoble,2/19/17,3003
Robert Scoble,2/26/17,2476
Robert Scoble,3/5/17,3081
Robert Scoble,3/12/17,2960
Robert Scoble,3/19/17,2991
Robert Scoble,3/26/17,3250
Robert Scoble,4/2/17,3133
Robert Scoble,4/9/17,3196
Robert Scoble,4/16/17,2980
Robert Scoble,4/23/17,3207
Robert Scoble,4/30/17,2840
Robert Scoble,5/7/17,3068
Robert Scoble,5/14/17,4445
Robert Scoble,5/21/17,3120
Robert Scoble,5/28/17,2576
Robert Scoble,6/4/17,3278
Robert Scoble,6/11/17,3530
Robert Scoble,6/18/17,2815
Robert Scoble,6/25/17,2635
Robert Scoble,7/2/17,2334
Robert Scoble,7/9/17,3062
Robert Scoble,7/16/17,3141
Robert Scoble,7/23/17,2853
Robert Scoble,7/30/17,3187
Robert Scoble,8/6/17,3285
Robert Scoble,8/13/17,6109
Robert Scoble,8/20/17,4089
Robert Scoble,8/27/17,3399
Robert Scoble,9/3/17,3146
Robert Scoble,9/10/17,2945
Robert Scoble,9/17/17,3309
Robert Scoble,9/24/17,2842
Robert Scoble,10/1/17,2406
Robert Scoble,10/8/17,2577
Robert Scoble,10/15/17,2703
Robert Scoble,10/22/17,3118
Robert Scoble,10/29/17,4542
Robert Scoble,11/5/17,3383
Robert Scoble,11/12/17,3989
Robert Scoble,11/19/17,3609
Robert Scoble,11/26/17,580
Lockhart Steele,1/1/17,160
Lockhart Steele,1/8/17,1273
Lockhart Steele,1/15/17,286
Lockhart Steele,1/22/17,144
Lockhart Steele,1/29/17,398
Lockhart Steele,2/5/17,259
Lockhart Steele,2/12/17,491
Lockhart Steele,2/19/17,278
Lockhart Steele,2/26/17,462
Lockhart Steele,3/5/17,412
Lockhart Steele,3/12/17,204
Lockhart Steele,3/19/17,322
Lockhart Steele,3/26/17,319
Lockhart Steele,4/2/17,337
Lockhart Steele,4/9/17,156
Lockhart Steele,4/16/17,126
Lockhart Steele,4/23/17,158
Lockhart Steele,4/30/17,251
Lockhart Steele,5/7/17,155
Lockhart Steele,5/14/17,162
Lockhart Steele,5/21/17,138
Lockhart Steele,5/28/17,205
Lockhart Steele,6/4/17,345
Lockhart Steele,6/11/17,441
Lockhart Steele,6/18/17,199
Lockhart Steele,6/25/17,242
Lockhart Steele,7/2/17,183
Lockhart Steele,7/9/17,239
Lockhart Steele,7/16/17,180
Lockhart Steele,7/23/17,151
Lockhart Steele,7/30/17,177
Lockhart Steele,8/6/17,157
Lockhart Steele,8/13/17,150
Lockhart Steele,8/20/17,230
Lockhart Steele,8/27/17,187
Lockhart Steele,9/3/17,202
Lockhart Steele,9/10/17,213
Lockhart Steele,9/17/17,231
Lockhart Steele,9/24/17,324
Lockhart Steele,10/1/17,440
Lockhart Steele,10/8/17,327
Lockhart Steele,10/15/17,284
Lockhart Steele,10/22/17,809
Lockhart Steele,10/29/17,380
Lockhart Steele,11/5/17,269
Lockhart Steele,11/12/17,491
Lockhart Steele,11/19/17,208
Lockhart Steele,11/26/17,32
John Besh,1/1/17,7163
John Besh,1/8/17,9050
John Besh,1/15/17,10846
John Besh,1/22/17,8801
John Besh,1/29/17,9175
John Besh,2/5/17,8586
John Besh,2/12/17,8784
John Besh,2/19/17,8945
John Besh,2/26/17,8035
John Besh,3/5/17,8140
John Besh,3/12/17,8255
John Besh,3/19/17,9175
John Besh,3/26/17,8530
John Besh,4/2/17,8341
John Besh,4/9/17,7581
John Besh,4/16/17,7139
John Besh,4/23/17,8781
John Besh,4/30/17,8620
John Besh,5/7/17,8778
John Besh,5/14/17,8359
John Besh,5/21/17,7776
John Besh,5/28/17,7364
John Besh,6/4/17,7111
John Besh,6/11/17,7334
John Besh,6/18/17,6745
John Besh,6/25/17,7413
John Besh,7/2/17,6721
John Besh,7/9/17,6923
John Besh,7/16/17,8707
John Besh,7/23/17,9297
John Besh,7/30/17,7897
John Besh,8/6/17,6647
John Besh,8/13/17,6690
John Besh,8/20/17,7770
John Besh,8/27/17,6828
John Besh,9/3/17,6874
John Besh,9/10/17,7155
John Besh,9/17/17,8912
John Besh,9/24/17,7667
John Besh,10/1/17,7114
John Besh,10/8/17,7063
John Besh,10/15/17,7716
John Besh,10/22/17,8882
John Besh,10/29/17,7935
John Besh,11/5/17,7601
John Besh,11/12/17,6981
John Besh,11/19/17,6484
John Besh,11/26/17,1750
James Toback,1/1/17,4987
James Toback,1/8/17,5784
James Toback,1/15/17,6180
James Toback,1/22/17,5647
James Toback,1/29/17,6290
James Toback,2/5/17,6817
James Toback,2/12/17,6317
James Toback,2/19/17,5431
James Toback,2/26/17,4987
James Toback,3/5/17,5477
James Toback,3/12/17,5924
James Toback,3/19/17,7951
James Toback,3/26/17,6838
James Toback,4/2/17,5555
James Toback,4/9/17,6451
James Toback,4/16/17,5498
James Toback,4/23/17,6042
James Toback,4/30/17,6735
James Toback,5/7/17,12401
James Toback,5/14/17,11561
James Toback,5/21/17,7571
James Toback,5/28/17,7181
James Toback,6/4/17,12974
James Toback,6/11/17,8402
James Toback,6/18/17,5338
James Toback,6/25/17,4881
James Toback,7/2/17,4406
James Toback,7/9/17,4813
James Toback,7/16/17,4900
James Toback,7/23/17,5270
James Toback,7/30/17,4895
James Toback,8/6/17,4437
James Toback,8/13/17,6265
James Toback,8/20/17,4882
James Toback,8/27/17,4301
James Toback,9/3/17,4642
James Toback,9/10/17,4763
James Toback,9/17/17,5237
James Toback,9/24/17,5913
James Toback,10/1/17,4414
James Toback,10/8/17,4371
James Toback,10/15/17,5057
James Toback,10/22/17,5817
James Toback,10/29/17,5512
James Toback,11/5/17,4839
James Toback,11/12/17,4995
James Toback,11/19/17,4177
James Toback,11/26/17,1074
Terry Richardson,1/1/17,1170
Terry Richardson,1/8/17,1373
Terry Richardson,1/15/17,882
Terry Richardson,1/22/17,1231
Terry Richardson,1/29/17,1162
Terry Richardson,2/5/17,931
Terry Richardson,2/12/17,1036
Terry Richardson,2/19/17,1099
Terry Richardson,2/26/17,986
Terry Richardson,3/5/17,908
Terry Richardson,3/12/17,1104
Terry Richardson,3/19/17,1453
Terry Richardson,3/26/17,1509
Terry Richardson,4/2/17,1029
Terry Richardson,4/9/17,1311
Terry Richardson,4/16/17,1596
Terry Richardson,4/23/17,1599
Terry Richardson,4/30/17,1440
Terry Richardson,5/7/17,1384
Terry Richardson,5/14/17,1675
Terry Richardson,5/21/17,1742
Terry Richardson,5/28/17,1093
Terry Richardson,6/4/17,1139
Terry Richardson,6/11/17,1345
Terry Richardson,6/18/17,984
Terry Richardson,6/25/17,1001
Terry Richardson,7/2/17,1210
Terry Richardson,7/9/17,925
Terry Richardson,7/16/17,1034
Terry Richardson,7/23/17,986
Terry Richardson,7/30/17,1307
Terry Richardson,8/6/17,1204
Terry Richardson,8/13/17,1310
Terry Richardson,8/20/17,1221
Terry Richardson,8/27/17,965
Terry Richardson,9/3/17,1198
Terry Richardson,9/10/17,927
Terry Richardson,9/17/17,984
Terry Richardson,9/24/17,1192
Terry Richardson,10/1/17,1027
Terry Richardson,10/8/17,1204
Terry Richardson,10/15/17,852
Terry Richardson,10/22/17,1708
Terry Richardson,10/29/17,1093
Terry Richardson,11/5/17,1165
Terry Richardson,11/12/17,1099
Terry Richardson,11/19/17,976
Terry Richardson,11/26/17,192
Leon Wieseltier,1/1/17,273
Leon Wieseltier,1/8/17,299
Leon Wieseltier,1/15/17,269
Leon Wieseltier,1/22/17,429
Leon Wieseltier,1/29/17,273
Leon Wieseltier,2/5/17,379
Leon Wieseltier,2/12/17,285
Leon Wieseltier,2/19/17,336
Leon Wieseltier,2/26/17,335
Leon Wieseltier,3/5/17,327
Leon Wieseltier,3/12/17,476
Leon Wieseltier,3/19/17,460
Leon Wieseltier,3/26/17,572
Leon Wieseltier,4/2/17,471
Leon Wieseltier,4/9/17,474
Leon Wieseltier,4/16/17,307
Leon Wieseltier,4/23/17,385
Leon Wieseltier,4/30/17,364
Leon Wieseltier,5/7/17,349
Leon Wieseltier,5/14/17,281
Leon Wieseltier,5/21/17,258
Leon Wieseltier,5/28/17,332
Leon Wieseltier,6/4/17,299
Leon Wieseltier,6/11/17,214
Leon Wieseltier,6/18/17,186
Leon Wieseltier,6/25/17,292
Leon Wieseltier,7/2/17,231
Leon Wieseltier,7/9/17,211
Leon Wieseltier,7/16/17,257
Leon Wieseltier,7/23/17,238
Leon Wieseltier,7/30/17,248
Leon Wieseltier,8/6/17,225
Leon Wieseltier,8/13/17,174
Leon Wieseltier,8/20/17,202
Leon Wieseltier,8/27/17,181
Leon Wieseltier,9/3/17,275
Leon Wieseltier,9/10/17,254
Leon Wieseltier,9/17/17,269
Leon Wieseltier,9/24/17,300
Leon Wieseltier,10/1/17,356
Leon Wieseltier,10/8/17,381
Leon Wieseltier,10/15/17,370
Leon Wieseltier,10/22/17,481
Leon Wieseltier,10/29/17,295
Leon Wieseltier,11/5/17,408
Leon Wieseltier,11/12/17,273
Leon Wieseltier,11/19/17,236
Leon Wieseltier,11/26/17,43
Knight Landesman,1/1/17,225
Knight Landesman,1/8/17,310
Knight Landesman,1/15/17,370
Knight Landesman,1/22/17,466
Knight Landesman,1/29/17,417
Knight Landesman,2/5/17,447
Knight Landesman,2/12/17,373
Knight Landesman,2/19/17,476
Knight Landesman,2/26/17,462
Knight Landesman,3/5/17,505
Knight Landesman,3/12/17,562
Knight Landesman,3/19/17,523
Knight Landesman,3/26/17,481
Knight Landesman,4/2/17,661
Knight Landesman,4/9/17,423
Knight Landesman,4/16/17,340
Knight Landesman,4/23/17,372
Knight Landesman,4/30/17,491
Knight Landesman,5/7/17,605
Knight Landesman,5/14/17,471
Knight Landesman,5/21/17,319
Knight Landesman,5/28/17,354
Knight Landesman,6/4/17,591
Knight Landesman,6/11/17,380
Knight Landesman,6/18/17,567
Knight Landesman,6/25/17,473
Knight Landesman,7/2/17,654
Knight Landesman,7/9/17,528
Knight Landesman,7/16/17,427
Knight Landesman,7/23/17,425
Knight Landesman,7/30/17,518
Knight Landesman,8/6/17,367
Knight Landesman,8/13/17,282
Knight Landesman,8/20/17,280
Knight Landesman,8/27/17,238
Knight Landesman,9/3/17,239
Knight Landesman,9/10/17,320
Knight Landesman,9/17/17,256
Knight Landesman,9/24/17,283
Knight Landesman,10/1/17,256
Knight Landesman,10/8/17,241
Knight Landesman,10/15/17,410
Knight Landesman,10/22/17,368
Knight Landesman,10/29/17,352
Knight Landesman,11/5/17,440
Knight Landesman,11/12/17,333
Knight Landesman,11/19/17,522
Knight Landesman,11/26/17,106
Rick Najera,1/1/17,675
Rick Najera,1/8/17,811
Rick Najera,1/15/17,1158
Rick Najera,1/22/17,740
Rick Najera,1/29/17,684
Rick Najera,2/5/17,852
Rick Najera,2/12/17,1202
Rick Najera,2/19/17,956
Rick Najera,2/26/17,993
Rick Najera,3/5/17,1138
Rick Najera,3/12/17,1084
Rick Najera,3/19/17,1172
Rick Najera,3/26/17,1228
Rick Najera,4/2/17,1133
Rick Najera,4/9/17,787
Rick Najera,4/16/17,759
Rick Najera,4/23/17,908
Rick Najera,4/30/17,794
Rick Najera,5/7/17,823
Rick Najera,5/14/17,687
Rick Najera,5/21/17,694
Rick Najera,5/28/17,934
Rick Najera,6/4/17,840
Rick Najera,6/11/17,1087
Rick Najera,6/18/17,702
Rick Najera,6/25/17,896
Rick Najera,7/2/17,699
Rick Najera,7/9/17,708
Rick Najera,7/16/17,824
Rick Najera,7/23/17,948
Rick Najera,7/30/17,804
Rick Najera,8/6/17,868
Rick Najera,8/13/17,748
Rick Najera,8/20/17,780
Rick Najera,8/27/17,868
Rick Najera,9/3/17,1507
Rick Najera,9/10/17,1230
Rick Najera,9/17/17,865
Rick Najera,9/24/17,1491
Rick Najera,10/1/17,1253
Rick Najera,10/8/17,1230
Rick Najera,10/15/17,1218
Rick Najera,10/22/17,1187
Rick Najera,10/29/17,2469
Rick Najera,11/5/17,1109
Rick Najera,11/12/17,740
Rick Najera,11/19/17,721
Rick Najera,11/26/17,211
Mark Halperin,1/1/17,4449
Mark Halperin,1/8/17,4465
Mark Halperin,1/15/17,4969
Mark Halperin,1/22/17,5174
Mark Halperin,1/29/17,5225
Mark Halperin,2/5/17,4595
Mark Halperin,2/12/17,5614
Mark Halperin,2/19/17,4894
Mark Halperin,2/26/17,5105
Mark Halperin,3/5/17,5638
Mark Halperin,3/12/17,6507
Mark Halperin,3/19/17,6667
Mark Halperin,3/26/17,6330
Mark Halperin,4/2/17,5482
Mark Halperin,4/9/17,5104
Mark Halperin,4/16/17,5053
Mark Halperin,4/23/17,6483
Mark Halperin,4/30/17,6196
Mark Halperin,5/7/17,5120
Mark Halperin,5/14/17,5105
Mark Halperin,5/21/17,5446
Mark Halperin,5/28/17,4288
Mark Halperin,6/4/17,5053
Mark Halperin,6/11/17,4622
Mark Halperin,6/18/17,4397
Mark Halperin,6/25/17,4537
Mark Halperin,7/2/17,4529
Mark Halperin,7/9/17,4620
Mark Halperin,7/16/17,4758
Mark Halperin,7/23/17,4639
Mark Halperin,7/30/17,4476
Mark Halperin,8/6/17,3912
Mark Halperin,8/13/17,4260
Mark Halperin,8/20/17,4569
Mark Halperin,8/27/17,4716
Mark Halperin,9/3/17,4887
Mark Halperin,9/10/17,4552
Mark Halperin,9/17/17,5299
Mark Halperin,9/24/17,5446
Mark Halperin,10/1/17,4607
Mark Halperin,10/8/17,4505
Mark Halperin,10/15/17,4630
Mark Halperin,10/22/17,5752
Mark Halperin,10/29/17,5582
Mark Halperin,11/5/17,5085
Mark Halperin,11/12/17,4683
Mark Halperin,11/19/17,4042
Mark Halperin,11/26/17,1050
Ken Baker,1/1/17,1188
Ken Baker,1/8/17,1168
Ken Baker,1/15/17,1212
Ken Baker,1/22/17,1359
Ken Baker,1/29/17,1381
Ken Baker,2/5/17,1645
Ken Baker,2/12/17,1806
Ken Baker,2/19/17,1502
Ken Baker,2/26/17,1682
Ken Baker,3/5/17,1578
Ken Baker,3/12/17,1840
Ken Baker,3/19/17,1966
Ken Baker,3/26/17,2055
Ken Baker,4/2/17,1829
Ken Baker,4/9/17,1794
Ken Baker,4/16/17,1682
Ken Baker,4/23/17,1867
Ken Baker,4/30/17,1565
Ken Baker,5/7/17,1306
Ken Baker,5/14/17,1384
Ken Baker,5/21/17,1458
Ken Baker,5/28/17,1512
Ken Baker,6/4/17,1435
Ken Baker,6/11/17,1595
Ken Baker,6/18/17,1836
Ken Baker,6/25/17,1594
Ken Baker,7/2/17,1208
Ken Baker,7/9/17,1534
Ken Baker,7/16/17,1554
Ken Baker,7/23/17,1358
Ken Baker,7/30/17,1416
Ken Baker,8/6/17,1336
Ken Baker,8/13/17,1500
Ken Baker,8/20/17,1202
Ken Baker,8/27/17,1363
Ken Baker,9/3/17,1558
Ken Baker,9/10/17,1700
Ken Baker,9/17/17,1500
Ken Baker,9/24/17,1631
Ken Baker,10/1/17,1610
Ken Baker,10/8/17,2223
Ken Baker,10/15/17,1557
Ken Baker,10/22/17,1644
Ken Baker,10/29/17,1729
Ken Baker,11/5/17,1542
Ken Baker,11/12/17,1261
Ken Baker,11/19/17,1383
Ken Baker,11/26/17,347
Kevin Spacey,1/1/17,1682
Kevin Spacey,1/8/17,1666
Kevin Spacey,1/15/17,2082
Kevin Spacey,1/22/17,2112
Kevin Spacey,1/29/17,2269
Kevin Spacey,2/5/17,2288
Kevin Spacey,2/12/17,2527
Kevin Spacey,2/19/17,2399
Kevin Spacey,2/26/17,2765
Kevin Spacey,3/5/17,2299
Kevin Spacey,3/12/17,2632
Kevin Spacey,3/19/17,3072
Kevin Spacey,3/26/17,2788
Kevin Spacey,4/2/17,2596
Kevin Spacey,4/9/17,2477
Kevin Spacey,4/16/17,2337
Kevin Spacey,4/23/17,2963
Kevin Spacey,4/30/17,3200
Kevin Spacey,5/7/17,2341
Kevin Spacey,5/14/17,2585
Kevin Spacey,5/21/17,2163
Kevin Spacey,5/28/17,2766
Kevin Spacey,6/4/17,3267
Kevin Spacey,6/11/17,3144
Kevin Spacey,6/18/17,1907
Kevin Spacey,6/25/17,1968
Kevin Spacey,7/2/17,1642
Kevin Spacey,7/9/17,1769
Kevin Spacey,7/16/17,1900
Kevin Spacey,7/23/17,1898
Kevin Spacey,7/30/17,1733
Kevin Spacey,8/6/17,1699
Kevin Spacey,8/13/17,2057
Kevin Spacey,8/20/17,1685
Kevin Spacey,8/27/17,2098
Kevin Spacey,9/3/17,2279
Kevin Spacey,9/10/17,2135
Kevin Spacey,9/17/17,2338
Kevin Spacey,9/24/17,2391
Kevin Spacey,10/1/17,2080
Kevin Spacey,10/8/17,2098
Kevin Spacey,10/15/17,2390
Kevin Spacey,10/22/17,2088
Kevin Spacey,10/29/17,8338
Kevin Spacey,11/5/17,4596
Kevin Spacey,11/12/17,3294
Kevin Spacey,11/19/17,2341
Kevin Spacey,11/26/17,719
Hamilton Fish,1/1/17,2062
Hamilton Fish,1/8/17,2122
Hamilton Fish,1/15/17,2212
Hamilton Fish,1/22/17,2223
Hamilton Fish,1/29/17,1708
Hamilton Fish,2/5/17,2149
Hamilton Fish,2/12/17,2140
Hamilton Fish,2/19/17,2529
Hamilton Fish,2/26/17,2630
Hamilton Fish,3/5/17,2333
Hamilton Fish,3/12/17,2679
Hamilton Fish,3/19/17,3104
Hamilton Fish,3/26/17,3085
Hamilton Fish,4/2/17,2566
Hamilton Fish,4/9/17,2746
Hamilton Fish,4/16/17,2402
Hamilton Fish,4/23/17,2396
Hamilton Fish,4/30/17,2512
Hamilton Fish,5/7/17,2178
Hamilton Fish,5/14/17,2276
Hamilton Fish,5/21/17,2373
Hamilton Fish,5/28/17,2257
Hamilton Fish,6/4/17,2167
Hamilton Fish,6/11/17,2269
Hamilton Fish,6/18/17,2447
Hamilton Fish,6/25/17,2712
Hamilton Fish,7/2/17,2429
Hamilton Fish,7/9/17,2987
Hamilton Fish,7/16/17,2364
Hamilton Fish,7/23/17,2336
Hamilton Fish,7/30/17,2288
Hamilton Fish,8/6/17,2225
Hamilton Fish,8/13/17,1794
Hamilton Fish,8/20/17,2158
Hamilton Fish,8/27/17,2757
Hamilton Fish,9/3/17,2054
Hamilton Fish,9/10/17,1957
Hamilton Fish,9/17/17,2494
Hamilton Fish,9/24/17,2386
Hamilton Fish,10/1/17,2373
Hamilton Fish,10/8/17,2080
Hamilton Fish,10/15/17,2242
Hamilton Fish,10/22/17,2635
Hamilton Fish,10/29/17,2816
Hamilton Fish,11/5/17,2551
Hamilton Fish,11/12/17,1982
Hamilton Fish,11/19/17,2079
Hamilton Fish,11/26/17,771
Michael Oreskes,1/1/17,4256
Michael Oreskes,1/8/17,5416
Michael Oreskes,1/15/17,5306
Michael Oreskes,1/22/17,5174
Michael Oreskes,1/29/17,4995
Michael Oreskes,2/5/17,5758
Michael Oreskes,2/12/17,9542
Michael Oreskes,2/19/17,6385
Michael Oreskes,2/26/17,5417
Michael Oreskes,3/5/17,5328
Michael Oreskes,3/12/17,6329
Michael Oreskes,3/19/17,6780
Michael Oreskes,3/26/17,7034
Michael Oreskes,4/2/17,5725
Michael Oreskes,4/9/17,5131
Michael Oreskes,4/16/17,4757
Michael Oreskes,4/23/17,5897
Michael Oreskes,4/30/17,5719
Michael Oreskes,5/7/17,6335
Michael Oreskes,5/14/17,7860
Michael Oreskes,5/21/17,6058
Michael Oreskes,5/28/17,5643
Michael Oreskes,6/4/17,5948
Michael Oreskes,6/11/17,5789
Michael Oreskes,6/18/17,4772
Michael Oreskes,6/25/17,5420
Michael Oreskes,7/2/17,4284
Michael Oreskes,7/9/17,4920
Michael Oreskes,7/16/17,4890
Michael Oreskes,7/23/17,5085
Michael Oreskes,7/30/17,4763
Michael Oreskes,8/6/17,4732
Michael Oreskes,8/13/17,4654
Michael Oreskes,8/20/17,4563
Michael Oreskes,8/27/17,4898
Michael Oreskes,9/3/17,5208
Michael Oreskes,9/10/17,4986
Michael Oreskes,9/17/17,5307
Michael Oreskes,9/24/17,4559
Michael Oreskes,10/1/17,4790
Michael Oreskes,10/8/17,4455
Michael Oreskes,10/15/17,4619
Michael Oreskes,10/22/17,4275
Michael Oreskes,10/29/17,6214
Michael Oreskes,11/5/17,5537
Michael Oreskes,11/12/17,4164
Michael Oreskes,11/19/17,4036
Michael Oreskes,11/26/17,997
Andy Dick,1/1/17,1694
Andy Dick,1/8/17,1458
Andy Dick,1/15/17,1841
Andy Dick,1/22/17,2098
Andy Dick,1/29/17,1449
Andy Dick,2/5/17,1382
Andy Dick,2/12/17,1652
Andy Dick,2/19/17,1308
Andy Dick,2/26/17,1414
Andy Dick,3/5/17,1157
Andy Dick,3/12/17,1458
Andy Dick,3/19/17,1657
Andy Dick,3/26/17,1665
Andy Dick,4/2/17,1380
Andy Dick,4/9/17,1231
Andy Dick,4/16/17,1441
Andy Dick,4/23/17,1668
Andy Dick,4/30/17,1804
Andy Dick,5/7/17,1688
Andy Dick,5/14/17,1548
Andy Dick,5/21/17,1553
Andy Dick,5/28/17,1529
Andy Dick,6/4/17,1836
Andy Dick,6/11/17,1495
Andy Dick,6/18/17,1447
Andy Dick,6/25/17,1648
Andy Dick,7/2/17,1808
Andy Dick,7/9/17,2216
Andy Dick,7/16/17,1346
Andy Dick,7/23/17,1123
Andy Dick,7/30/17,1222
Andy Dick,8/6/17,1156
Andy Dick,8/13/17,1049
Andy Dick,8/20/17,1527
Andy Dick,8/27/17,1376
Andy Dick,9/3/17,1849
Andy Dick,9/10/17,1439
Andy Dick,9/17/17,1377
Andy Dick,9/24/17,1212
Andy Dick,10/1/17,1207
Andy Dick,10/8/17,1262
Andy Dick,10/15/17,1218
Andy Dick,10/22/17,1350
Andy Dick,10/29/17,1423
Andy Dick,11/5/17,1557
Andy Dick,11/12/17,1288
Andy Dick,11/19/17,1113
Andy Dick,11/26/17,270
Kirk Webster,1/1/17,105
Kirk Webster,1/8/17,109
Kirk Webster,1/15/17,137
Kirk Webster,1/22/17,311
Kirk Webster,1/29/17,156
Kirk Webster,2/5/17,356
Kirk Webster,2/12/17,180
Kirk Webster,2/19/17,213
Kirk Webster,2/26/17,149
Kirk Webster,3/5/17,301
Kirk Webster,3/12/17,240
Kirk Webster,3/19/17,219
Kirk Webster,3/26/17,214
Kirk Webster,4/2/17,186
Kirk Webster,4/9/17,176
Kirk Webster,4/16/17,113
Kirk Webster,4/23/17,181
Kirk Webster,4/30/17,169
Kirk Webster,5/7/17,249
Kirk Webster,5/14/17,218
Kirk Webster,5/21/17,117
Kirk Webster,5/28/17,212
Kirk Webster,6/4/17,141
Kirk Webster,6/11/17,76
Kirk Webster,6/18/17,71
Kirk Webster,6/25/17,99
Kirk Webster,7/2/17,100
Kirk Webster,7/9/17,85
Kirk Webster,7/16/17,184
Kirk Webster,7/23/17,71
Kirk Webster,7/30/17,157
Kirk Webster,8/6/17,132
Kirk Webster,8/13/17,135
Kirk Webster,8/20/17,149
Kirk Webster,8/27/17,125
Kirk Webster,9/3/17,149
Kirk Webster,9/10/17,149
Kirk Webster,9/17/17,294
Kirk Webster,9/24/17,153
Kirk Webster,10/1/17,115
Kirk Webster,10/8/17,101
Kirk Webster,10/15/17,116
Kirk Webster,10/22/17,136
Kirk Webster,10/29/17,312
Kirk Webster,11/5/17,139
Kirk Webster,11/12/17,144
Kirk Webster,11/19/17,96
Kirk Webster,11/26/17,52
Brett Ratner,1/1/17,288
Brett Ratner,1/8/17,300
Brett Ratner,1/15/17,326
Brett Ratner,1/22/17,277
Brett Ratner,1/29/17,306
Brett Ratner,2/5/17,276
Brett Ratner,2/12/17,328
Brett Ratner,2/19/17,370
Brett Ratner,2/26/17,322
Brett Ratner,3/5/17,328
Brett Ratner,3/12/17,393
Brett Ratner,3/19/17,446
Brett Ratner,3/26/17,372
Brett Ratner,4/2/17,376
Brett Ratner,4/9/17,385
Brett Ratner,4/16/17,359
Brett Ratner,4/23/17,404
Brett Ratner,4/30/17,454
Brett Ratner,5/7/17,407
Brett Ratner,5/14/17,378
Brett Ratner,5/21/17,395
Brett Ratner,5/28/17,404
Brett Ratner,6/4/17,454
Brett Ratner,6/11/17,310
Brett Ratner,6/18/17,243
Brett Ratner,6/25/17,398
Brett Ratner,7/2/17,249
Brett Ratner,7/9/17,248
Brett Ratner,7/16/17,303
Brett Ratner,7/23/17,377
Brett Ratner,7/30/17,327
Brett Ratner,8/6/17,334
Brett Ratner,8/13/17,332
Brett Ratner,8/20/17,384
Brett Ratner,8/27/17,439
Brett Ratner,9/3/17,454
Brett Ratner,9/10/17,341
Brett Ratner,9/17/17,385
Brett Ratner,9/24/17,346
Brett Ratner,10/1/17,576
Brett Ratner,10/8/17,444
Brett Ratner,10/15/17,866
Brett Ratner,10/22/17,440
Brett Ratner,10/29/17,1544
Brett Ratner,11/5/17,1017
Brett Ratner,11/12/17,1035
Brett Ratner,11/19/17,716
Brett Ratner,11/26/17,115
Jeff Hoover,1/1/17,1991
Jeff Hoover,1/8/17,3897
Jeff Hoover,1/15/17,2231
Jeff Hoover,1/22/17,2031
Jeff Hoover,1/29/17,3016
Jeff Hoover,2/5/17,3261
Jeff Hoover,2/12/17,2284
Jeff Hoover,2/19/17,2404
Jeff Hoover,2/26/17,4566
Jeff Hoover,3/5/17,3133
Jeff Hoover,3/12/17,2240
Jeff Hoover,3/19/17,2557
Jeff Hoover,3/26/17,2475
Jeff Hoover,4/2/17,2423
Jeff Hoover,4/9/17,2527
Jeff Hoover,4/16/17,2261
Jeff Hoover,4/23/17,2937
Jeff Hoover,4/30/17,2319
Jeff Hoover,5/7/17,3262
Jeff Hoover,5/14/17,2459
Jeff Hoover,5/21/17,1801
Jeff Hoover,5/28/17,1706
Jeff Hoover,6/4/17,2350
Jeff Hoover,6/11/17,3886
Jeff Hoover,6/18/17,1936
Jeff Hoover,6/25/17,2027
Jeff Hoover,7/2/17,2090
Jeff Hoover,7/9/17,2228
Jeff Hoover,7/16/17,3065
Jeff Hoover,7/23/17,4166
Jeff Hoover,7/30/17,2912
Jeff Hoover,8/6/17,1879
Jeff Hoover,8/13/17,2332
Jeff Hoover,8/20/17,2087
Jeff Hoover,8/27/17,2464
Jeff Hoover,9/3/17,2814
Jeff Hoover,9/10/17,2142
Jeff Hoover,9/17/17,2576
Jeff Hoover,9/24/17,2300
Jeff Hoover,10/1/17,2068
Jeff Hoover,10/8/17,1967
Jeff Hoover,10/15/17,1910
Jeff Hoover,10/22/17,3208
Jeff Hoover,10/29/17,2387
Jeff Hoover,11/5/17,2270
Jeff Hoover,11/12/17,2826
Jeff Hoover,11/19/17,1779
Jeff Hoover,11/26/17,452
David Guillod,1/1/17,4835
David Guillod,1/8/17,5650
David Guillod,1/15/17,4973
David Guillod,1/22/17,6319
David Guillod,1/29/17,6313
David Guillod,2/5/17,6508
David Guillod,2/12/17,6674
David Guillod,2/19/17,6543
David Guillod,2/26/17,6347
David Guillod,3/5/17,5825
David Guillod,3/12/17,6877
David Guillod,3/19/17,6780
David Guillod,3/26/17,6825
David Guillod,4/2/17,6114
David Guillod,4/9/17,6602
David Guillod,4/16/17,6380
David Guillod,4/23/17,7366
David Guillod,4/30/17,6724
David Guillod,5/7/17,6275
David Guillod,5/14/17,6795
David Guillod,5/21/17,6563
David Guillod,5/28/17,5581
David Guillod,6/4/17,6058
David Guillod,6/11/17,6278
David Guillod,6/18/17,5574
David Guillod,6/25/17,5540
David Guillod,7/2/17,4660
David Guillod,7/9/17,5515
David Guillod,7/16/17,5966
David Guillod,7/23/17,5343
David Guillod,7/30/17,5071
David Guillod,8/6/17,6092
David Guillod,8/13/17,5981
David Guillod,8/20/17,5014
David Guillod,8/27/17,5935
David Guillod,9/3/17,5719
David Guillod,9/10/17,5409
David Guillod,9/17/17,5608
David Guillod,9/24/17,5607
David Guillod,10/1/17,5396
David Guillod,10/8/17,5340
David Guillod,10/15/17,6197
David Guillod,10/22/17,6352
David Guillod,10/29/17,5315
David Guillod,11/5/17,6035
David Guillod,11/12/17,5144
David Guillod,11/19/17,5491
David Guillod,11/26/17,1238
Ed Westwick,1/1/17,952
Ed Westwick,1/8/17,1008
Ed Westwick,1/15/17,1056
Ed Westwick,1/22/17,1376
Ed Westwick,1/29/17,1253
Ed Westwick,2/5/17,1250
Ed Westwick,2/12/17,1210
Ed Westwick,2/19/17,1331
Ed Westwick,2/26/17,1254
Ed Westwick,3/5/17,1470
Ed Westwick,3/12/17,1498
Ed Westwick,3/19/17,1713
Ed Westwick,3/26/17,1525
Ed Westwick,4/2/17,1299
Ed Westwick,4/9/17,1330
Ed Westwick,4/16/17,1260
Ed Westwick,4/23/17,1760
Ed Westwick,4/30/17,1794
Ed Westwick,5/7/17,1378
Ed Westwick,5/14/17,1258
Ed Westwick,5/21/17,1247
Ed Westwick,5/28/17,1209
Ed Westwick,6/4/17,1279
Ed Westwick,6/11/17,1225
Ed Westwick,6/18/17,1141
Ed Westwick,6/25/17,1290
Ed Westwick,7/2/17,1112
Ed Westwick,7/9/17,1086
Ed Westwick,7/16/17,1964
Ed Westwick,7/23/17,1135
Ed Westwick,7/30/17,1082
Ed Westwick,8/6/17,1023
Ed Westwick,8/13/17,965
Ed Westwick,8/20/17,1026
Ed Westwick,8/27/17,1844
Ed Westwick,9/3/17,1193
Ed Westwick,9/10/17,1316
Ed Westwick,9/17/17,1275
Ed Westwick,9/24/17,1085
Ed Westwick,10/1/17,1111
Ed Westwick,10/8/17,1279
Ed Westwick,10/15/17,1508
Ed Westwick,10/22/17,1341
Ed Westwick,10/29/17,1405
Ed Westwick,11/5/17,2718
Ed Westwick,11/12/17,1343
Ed Westwick,11/19/17,1012
Ed Westwick,11/26/17,293
Jeffery Tambor,1/1/17,411
Jeffery Tambor,1/8/17,534
Jeffery Tambor,1/15/17,417
Jeffery Tambor,1/22/17,453
Jeffery Tambor,1/29/17,564
Jeffery Tambor,2/5/17,493
Jeffery Tambor,2/12/17,829
Jeffery Tambor,2/19/17,526
Jeffery Tambor,2/26/17,512
Jeffery Tambor,3/5/17,494
Jeffery Tambor,3/12/17,479
Jeffery Tambor,3/19/17,595
Jeffery Tambor,3/26/17,472
Jeffery Tambor,4/2/17,598
Jeffery Tambor,4/9/17,606
Jeffery Tambor,4/16/17,428
Jeffery Tambor,4/23/17,535
Jeffery Tambor,4/30/17,443
Jeffery Tambor,5/7/17,582
Jeffery Tambor,5/14/17,699
Jeffery Tambor,5/21/17,521
Jeffery Tambor,5/28/17,370
Jeffery Tambor,6/4/17,511
Jeffery Tambor,6/11/17,451
Jeffery Tambor,6/18/17,429
Jeffery Tambor,6/25/17,521
Jeffery Tambor,7/2/17,351
Jeffery Tambor,7/9/17,513
Jeffery Tambor,7/16/17,542
Jeffery Tambor,7/23/17,410
Jeffery Tambor,7/30/17,412
Jeffery Tambor,8/6/17,615
Jeffery Tambor,8/13/17,422
Jeffery Tambor,8/20/17,456
Jeffery Tambor,8/27/17,366
Jeffery Tambor,9/3/17,363
Jeffery Tambor,9/10/17,558
Jeffery Tambor,9/17/17,647
Jeffery Tambor,9/24/17,570
Jeffery Tambor,10/1/17,621
Jeffery Tambor,10/8/17,432
Jeffery Tambor,10/15/17,496
Jeffery Tambor,10/22/17,440
Jeffery Tambor,10/29/17,463
Jeffery Tambor,11/5/17,644
Jeffery Tambor,11/12/17,687
Jeffery Tambor,11/19/17,802
Jeffery Tambor,11/26/17,72
Benjamin Genocchio,1/1/17,596
Benjamin Genocchio,1/8/17,568
Benjamin Genocchio,1/15/17,517
Benjamin Genocchio,1/22/17,719
Benjamin Genocchio,1/29/17,695
Benjamin Genocchio,2/5/17,638
Benjamin Genocchio,2/12/17,1315
Benjamin Genocchio,2/19/17,655
Benjamin Genocchio,2/26/17,474
Benjamin Genocchio,3/5/17,529
Benjamin Genocchio,3/12/17,601
Benjamin Genocchio,3/19/17,626
Benjamin Genocchio,3/26/17,514
Benjamin Genocchio,4/2/17,488
Benjamin Genocchio,4/9/17,401
Benjamin Genocchio,4/16/17,497
Benjamin Genocchio,4/23/17,604
Benjamin Genocchio,4/30/17,661
Benjamin Genocchio,5/7/17,499
Benjamin Genocchio,5/14/17,710
Benjamin Genocchio,5/21/17,1139
Benjamin Genocchio,5/28/17,482
Benjamin Genocchio,6/4/17,394
Benjamin Genocchio,6/11/17,392
Benjamin Genocchio,6/18/17,430
Benjamin Genocchio,6/25/17,589
Benjamin Genocchio,7/2/17,618
Benjamin Genocchio,7/9/17,508
Benjamin Genocchio,7/16/17,653
Benjamin Genocchio,7/23/17,764
Benjamin Genocchio,7/30/17,530
Benjamin Genocchio,8/6/17,531
Benjamin Genocchio,8/13/17,414
Benjamin Genocchio,8/20/17,481
Benjamin Genocchio,8/27/17,569
Benjamin Genocchio,9/3/17,642
Benjamin Genocchio,9/10/17,573
Benjamin Genocchio,9/17/17,648
Benjamin Genocchio,9/24/17,581
Benjamin Genocchio,10/1/17,692
Benjamin Genocchio,10/8/17,551
Benjamin Genocchio,10/15/17,566
Benjamin Genocchio,10/22/17,620
Benjamin Genocchio,10/29/17,850
Benjamin Genocchio,11/5/17,633
Benjamin Genocchio,11/12/17,486
Benjamin Genocchio,11/19/17,454
Benjamin Genocchio,11/26/17,97
Roy Moore,1/1/17,1399
Roy Moore,1/8/17,1649
Roy Moore,1/15/17,2084
Roy Moore,1/22/17,4483
Roy Moore,1/29/17,1545
Roy Moore,2/5/17,1497
Roy Moore,2/12/17,1517
Roy Moore,2/19/17,1768
Roy Moore,2/26/17,1697
Roy Moore,3/5/17,1596
Roy Moore,3/12/17,1849
Roy Moore,3/19/17,2035
Roy Moore,3/26/17,2207
Roy Moore,4/2/17,1803
Roy Moore,4/9/17,1492
Roy Moore,4/16/17,1125
Roy Moore,4/23/17,1806
Roy Moore,4/30/17,2533
Roy Moore,5/7/17,1356
Roy Moore,5/14/17,1688
Roy Moore,5/21/17,2644
Roy Moore,5/28/17,1344
Roy Moore,6/4/17,2638
Roy Moore,6/11/17,2544
Roy Moore,6/18/17,1609
Roy Moore,6/25/17,1542
Roy Moore,7/2/17,1372
Roy Moore,7/9/17,1358
Roy Moore,7/16/17,1608
Roy Moore,7/23/17,1619
Roy Moore,7/30/17,2101
Roy Moore,8/6/17,1729
Roy Moore,8/13/17,2350
Roy Moore,8/20/17,1375
Roy Moore,8/27/17,1736
Roy Moore,9/3/17,1710
Roy Moore,9/10/17,2172
Roy Moore,9/17/17,3286
Roy Moore,9/24/17,6064
Roy Moore,10/1/17,2171
Roy Moore,10/8/17,2419
Roy Moore,10/15/17,2202
Roy Moore,10/22/17,2783
Roy Moore,10/29/17,1903
Roy Moore,11/5/17,8092
Roy Moore,11/12/17,17872
Roy Moore,11/19/17,6380
Roy Moore,11/26/17,1881
Louis C.K.,1/1/17,869
Louis C.K.,1/8/17,1268
Louis C.K.,1/15/17,1499
Louis C.K.,1/22/17,1246
Louis C.K.,1/29/17,1706
Louis C.K.,2/5/17,1204
Louis C.K.,2/12/17,1492
Louis C.K.,2/19/17,1888
Louis C.K.,2/26/17,1882
Louis C.K.,3/5/17,1822
Louis C.K.,3/12/17,2563
Louis C.K.,3/19/17,2329
Louis C.K.,3/26/17,2425
Louis C.K.,4/2/17,2738
Louis C.K.,4/9/17,2842
Louis C.K.,4/16/17,1647
Louis C.K.,4/23/17,2113
Louis C.K.,4/30/17,2305
Louis C.K.,5/7/17,1473
Louis C.K.,5/14/17,1458
Louis C.K.,5/21/17,1333
Louis C.K.,5/28/17,1124
Louis C.K.,6/4/17,1161
Louis C.K.,6/11/17,1199
Louis C.K.,6/18/17,1392
Louis C.K.,6/25/17,1295
Louis C.K.,7/2/17,1147
Louis C.K.,7/9/17,1545
Louis C.K.,7/16/17,1465
Louis C.K.,7/23/17,1338
Louis C.K.,7/30/17,1337
Louis C.K.,8/6/17,1277
Louis C.K.,8/13/17,1452
Louis C.K.,8/20/17,1507
Louis C.K.,8/27/17,1376
Louis C.K.,9/3/17,1346
Louis C.K.,9/10/17,3058
Louis C.K.,9/17/17,3301
Louis C.K.,9/24/17,2492
Louis C.K.,10/1/17,1389
Louis C.K.,10/8/17,1227
Louis C.K.,10/15/17,1320
Louis C.K.,10/22/17,1522
Louis C.K.,10/29/17,1133
Louis C.K.,11/5/17,4070
Louis C.K.,11/12/17,2828
Louis C.K.,11/19/17,1334
Louis C.K.,11/26/17,301
Andrew Kreisberg,1/1/17,1782
Andrew Kreisberg,1/8/17,2240
Andrew Kreisberg,1/15/17,2014
Andrew Kreisberg,1/22/17,2199
Andrew Kreisberg,1/29/17,2036
Andrew Kreisberg,2/5/17,2357
Andrew Kreisberg,2/12/17,2912
Andrew Kreisberg,2/19/17,2671
Andrew Kreisberg,2/26/17,2543
Andrew Kreisberg,3/5/17,2626
Andrew Kreisberg,3/12/17,3014
Andrew Kreisberg,3/19/17,3052
Andrew Kreisberg,3/26/17,2717
Andrew Kreisberg,4/2/17,2385
Andrew Kreisberg,4/9/17,2407
Andrew Kreisberg,4/16/17,2131
Andrew Kreisberg,4/23/17,2924
Andrew Kreisberg,4/30/17,3440
Andrew Kreisberg,5/7/17,2777
Andrew Kreisberg,5/14/17,2703
Andrew Kreisberg,5/21/17,2305
Andrew Kreisberg,5/28/17,2284
Andrew Kreisberg,6/4/17,2358
Andrew Kreisberg,6/11/17,2225
Andrew Kreisberg,6/18/17,1952
Andrew Kreisberg,6/25/17,2132
Andrew Kreisberg,7/2/17,2251
Andrew Kreisberg,7/9/17,2165
Andrew Kreisberg,7/16/17,2128
Andrew Kreisberg,7/23/17,2094
Andrew Kreisberg,7/30/17,2065
Andrew Kreisberg,8/6/17,1916
Andrew Kreisberg,8/13/17,2148
Andrew Kreisberg,8/20/17,2387
Andrew Kreisberg,8/27/17,2295
Andrew Kreisberg,9/3/17,3117
Andrew Kreisberg,9/10/17,2376
Andrew Kreisberg,9/17/17,2103
Andrew Kreisberg,9/24/17,2512
Andrew Kreisberg,10/1/17,2172
Andrew Kreisberg,10/8/17,2089
Andrew Kreisberg,10/15/17,1969
Andrew Kreisberg,10/22/17,2083
Andrew Kreisberg,10/29/17,2394
Andrew Kreisberg,11/5/17,2043
Andrew Kreisberg,11/12/17,1861
Andrew Kreisberg,11/19/17,1333
Andrew Kreisberg,11/26/17,452
Eddie Berganza,1/1/17,754
Eddie Berganza,1/8/17,576
Eddie Berganza,1/15/17,611
Eddie Berganza,1/22/17,521
Eddie Berganza,1/29/17,604
Eddie Berganza,2/5/17,633
Eddie Berganza,2/12/17,582
Eddie Berganza,2/19/17,600
Eddie Berganza,2/26/17,631
Eddie Berganza,3/5/17,641
Eddie Berganza,3/12/17,923
Eddie Berganza,3/19/17,748
Eddie Berganza,3/26/17,605
Eddie Berganza,4/2/17,583
Eddie Berganza,4/9/17,640
Eddie Berganza,4/16/17,524
Eddie Berganza,4/23/17,560
Eddie Berganza,4/30/17,635
Eddie Berganza,5/7/17,537
Eddie Berganza,5/14/17,555
Eddie Berganza,5/21/17,439
Eddie Berganza,5/28/17,400
Eddie Berganza,6/4/17,353
Eddie Berganza,6/11/17,487
Eddie Berganza,6/18/17,407
Eddie Berganza,6/25/17,405
Eddie Berganza,7/2/17,289
Eddie Berganza,7/9/17,334
Eddie Berganza,7/16/17,367
Eddie Berganza,7/23/17,321
Eddie Berganza,7/30/17,361
Eddie Berganza,8/6/17,637
Eddie Berganza,8/13/17,406
Eddie Berganza,8/20/17,478
Eddie Berganza,8/27/17,440
Eddie Berganza,9/3/17,499
Eddie Berganza,9/10/17,481
Eddie Berganza,9/17/17,528
Eddie Berganza,9/24/17,480
Eddie Berganza,10/1/17,401
Eddie Berganza,10/8/17,372
Eddie Berganza,10/15/17,452
Eddie Berganza,10/22/17,782
Eddie Berganza,10/29/17,537
Eddie Berganza,11/5/17,751
Eddie Berganza,11/12/17,785
Eddie Berganza,11/19/17,632
Eddie Berganza,11/26/17,165
Steve Jurvetson,1/1/17,2032
Steve Jurvetson,1/8/17,2515
Steve Jurvetson,1/15/17,2292
Steve Jurvetson,1/22/17,2566
Steve Jurvetson,1/29/17,3799
Steve Jurvetson,2/5/17,3219
Steve Jurvetson,2/12/17,2675
Steve Jurvetson,2/19/17,3421
Steve Jurvetson,2/26/17,2923
Steve Jurvetson,3/5/17,2839
Steve Jurvetson,3/12/17,4027
Steve Jurvetson,3/19/17,3162
Steve Jurvetson,3/26/17,2891
Steve Jurvetson,4/2/17,3144
Steve Jurvetson,4/9/17,3141
Steve Jurvetson,4/16/17,3623
Steve Jurvetson,4/23/17,3083
Steve Jurvetson,4/30/17,2996
Steve Jurvetson,5/7/17,2581
Steve Jurvetson,5/14/17,2643
Steve Jurvetson,5/21/17,2395
Steve Jurvetson,5/28/17,2515
Steve Jurvetson,6/4/17,2836
Steve Jurvetson,6/11/17,5022
Steve Jurvetson,6/18/17,2531
Steve Jurvetson,6/25/17,2590
Steve Jurvetson,7/2/17,2553
Steve Jurvetson,7/9/17,2266
Steve Jurvetson,7/16/17,2408
Steve Jurvetson,7/23/17,2632
Steve Jurvetson,7/30/17,2679
Steve Jurvetson,8/6/17,1950
Steve Jurvetson,8/13/17,3942
Steve Jurvetson,8/20/17,2466
Steve Jurvetson,8/27/17,2677
Steve Jurvetson,9/3/17,2719
Steve Jurvetson,9/10/17,3554
Steve Jurvetson,9/17/17,2764
Steve Jurvetson,9/24/17,2971
Steve Jurvetson,10/1/17,2568
Steve Jurvetson,10/8/17,2275
Steve Jurvetson,10/15/17,2283
Steve Jurvetson,10/22/17,2630
Steve Jurvetson,10/29/17,2495
Steve Jurvetson,11/5/17,2388
Steve Jurvetson,11/12/17,2451
Steve Jurvetson,11/19/17,1999
Steve Jurvetson,11/26/17,621
Glenn Thrush,1/1/17,352
Glenn Thrush,1/8/17,453
Glenn Thrush,1/15/17,355
Glenn Thrush,1/22/17,383
Glenn Thrush,1/29/17,418
Glenn Thrush,2/5/17,480
Glenn Thrush,2/12/17,696
Glenn Thrush,2/19/17,681
Glenn Thrush,2/26/17,423
Glenn Thrush,3/5/17,522
Glenn Thrush,3/12/17,576
Glenn Thrush,3/19/17,569
Glenn Thrush,3/26/17,457
Glenn Thrush,4/2/17,835
Glenn Thrush,4/9/17,437
Glenn Thrush,4/16/17,537
Glenn Thrush,4/23/17,308
Glenn Thrush,4/30/17,371
Glenn Thrush,5/7/17,402
Glenn Thrush,5/14/17,525
Glenn Thrush,5/21/17,397
Glenn Thrush,5/28/17,361
Glenn Thrush,6/4/17,293
Glenn Thrush,6/11/17,431
Glenn Thrush,6/18/17,234
Glenn Thrush,6/25/17,278
Glenn Thrush,7/2/17,238
Glenn Thrush,7/9/17,262
Glenn Thrush,7/16/17,396
Glenn Thrush,7/23/17,258
Glenn Thrush,7/30/17,385
Glenn Thrush,8/6/17,314
Glenn Thrush,8/13/17,364
Glenn Thrush,8/20/17,318
Glenn Thrush,8/27/17,487
Glenn Thrush,9/3/17,354
Glenn Thrush,9/10/17,320
Glenn Thrush,9/17/17,525
Glenn Thrush,9/24/17,410
Glenn Thrush,10/1/17,380
Glenn Thrush,10/8/17,430
Glenn Thrush,10/15/17,543
Glenn Thrush,10/22/17,555
Glenn Thrush,10/29/17,395
Glenn Thrush,11/5/17,380
Glenn Thrush,11/12/17,266
Glenn Thrush,11/19/17,992
Glenn Thrush,11/26/17,58
Al Franken,1/1/17,3437
Al Franken,1/8/17,4109
Al Franken,1/15/17,3823
Al Franken,1/22/17,3990
Al Franken,1/29/17,5104
Al Franken,2/5/17,5089
Al Franken,2/12/17,3547
Al Franken,2/19/17,5389
Al Franken,2/26/17,4465
Al Franken,3/5/17,3816
Al Franken,3/12/17,4039
Al Franken,3/19/17,4314
Al Franken,3/26/17,4513
Al Franken,4/2/17,6105
Al Franken,4/9/17,4656
Al Franken,4/16/17,2942
Al Franken,4/23/17,4015
Al Franken,4/30/17,4091
Al Franken,5/7/17,3074
Al Franken,5/14/17,3948
Al Franken,5/21/17,4893
Al Franken,5/28/17,3928
Al Franken,6/4/17,5757
Al Franken,6/11/17,4098
Al Franken,6/18/17,4715
Al Franken,6/25/17,4047
Al Franken,7/2/17,4291
Al Franken,7/9/17,4608
Al Franken,7/16/17,3991
Al Franken,7/23/17,3822
Al Franken,7/30/17,3813
Al Franken,8/6/17,3023
Al Franken,8/13/17,3192
Al Franken,8/20/17,3000
Al Franken,8/27/17,4171
Al Franken,9/3/17,3954
Al Franken,9/10/17,3755
Al Franken,9/17/17,3740
Al Franken,9/24/17,3697
Al Franken,10/1/17,3885
Al Franken,10/8/17,3263
Al Franken,10/15/17,3775
Al Franken,10/22/17,3024
Al Franken,10/29/17,3921
Al Franken,11/5/17,3566
Al Franken,11/12/17,6955
Al Franken,11/19/17,4849
Al Franken,11/26/17,1978
John Lasseter,1/1/17,7165
John Lasseter,1/8/17,9058
John Lasseter,1/15/17,10849
John Lasseter,1/22/17,8815
John Lasseter,1/29/17,9176
John Lasseter,2/5/17,8592
John Lasseter,2/12/17,8783
John Lasseter,2/19/17,8948
John Lasseter,2/26/17,8035
John Lasseter,3/5/17,8140
John Lasseter,3/12/17,8255
John Lasseter,3/19/17,9177
John Lasseter,3/26/17,8532
John Lasseter,4/2/17,8344
John Lasseter,4/9/17,7582
John Lasseter,4/16/17,7139
John Lasseter,4/23/17,8784
John Lasseter,4/30/17,8620
John Lasseter,5/7/17,8785
John Lasseter,5/14/17,8359
John Lasseter,5/21/17,7785
John Lasseter,5/28/17,7363
John Lasseter,6/4/17,7112
John Lasseter,6/11/17,7344
John Lasseter,6/18/17,6757
John Lasseter,6/25/17,7413
John Lasseter,7/2/17,6721
John Lasseter,7/9/17,6946
John Lasseter,7/16/17,8733
John Lasseter,7/23/17,9292
John Lasseter,7/30/17,7907
John Lasseter,8/6/17,6647
John Lasseter,8/13/17,6699
John Lasseter,8/20/17,7770
John Lasseter,8/27/17,6823
John Lasseter,9/3/17,6879
John Lasseter,9/10/17,7187
John Lasseter,9/17/17,8918
John Lasseter,9/24/17,7667
John Lasseter,10/1/17,7111
John Lasseter,10/8/17,7063
John Lasseter,10/15/17,7712
John Lasseter,10/22/17,8579
John Lasseter,10/29/17,7894
John Lasseter,11/5/17,7595
John Lasseter,11/12/17,6977
John Lasseter,11/19/17,6784
John Lasseter,11/26/17,1766
Charlie Rose,1/1/17,4110
Charlie Rose,1/8/17,4728
Charlie Rose,1/15/17,3819
Charlie Rose,1/22/17,3975
Charlie Rose,1/29/17,3877
Charlie Rose,2/5/17,4091
Charlie Rose,2/12/17,4468
Charlie Rose,2/19/17,4451
Charlie Rose,2/26/17,3976
Charlie Rose,3/5/17,3982
Charlie Rose,3/12/17,4168
Charlie Rose,3/19/17,3939
Charlie Rose,3/26/17,3711
Charlie Rose,4/2/17,4397
Charlie Rose,4/9/17,5290
Charlie Rose,4/16/17,3799
Charlie Rose,4/23/17,4623
Charlie Rose,4/30/17,4791
Charlie Rose,5/7/17,4126
Charlie Rose,5/14/17,4010
Charlie Rose,5/21/17,3893
Charlie Rose,5/28/17,3758
Charlie Rose,6/4/17,3597
Charlie Rose,6/11/17,3894
Charlie Rose,6/18/17,3040
Charlie Rose,6/25/17,4248
Charlie Rose,7/2/17,4699
Charlie Rose,7/9/17,4836
Charlie Rose,7/16/17,4380
Charlie Rose,7/23/17,7183
Charlie Rose,7/30/17,4208
Charlie Rose,8/6/17,3666
Charlie Rose,8/13/17,3277
Charlie Rose,8/20/17,3374
Charlie Rose,8/27/17,4299
Charlie Rose,9/3/17,3406
Charlie Rose,9/10/17,3944
Charlie Rose,9/17/17,3581
Charlie Rose,9/24/17,3731
Charlie Rose,10/1/17,3601
Charlie Rose,10/8/17,4483
Charlie Rose,10/15/17,4669
Charlie Rose,10/22/17,4785
Charlie Rose,10/29/17,4684
Charlie Rose,11/5/17,3846
Charlie Rose,11/12/17,4148
Charlie Rose,11/19/17,6834
Charlie Rose,11/26/17,809